beta_pub,beta_grocery,beta_cinema,beta_commute_unit,beta_commute_city_unit,beta_hospital,beta_care_home,beta_company,beta_school,beta_household,beta_university,asymptomatic_ratio,seed_strength,social_distancing_beta_factor,quarantine_household_compliance,run_number
0.07340878966821975,0.19363160875730914,0.24251007101061528,0.07812208376705003,0.47780751312574715,0.44260164193221796,0.8058536313591452,0.19348912695713538,0.10206202092174962,0.20668450735662502,0.2845846838396529,0.275677972536061,0.732309850011047,0.7328901221507094,0.7846159031899194,0
0.4890873829533789,0.09673758305049403,0.12372092246327253,0.12485459526927167,0.37163996291258095,0.38224028606109933,0.3006017933356076,0.07428393239391479,0.4258537281005669,0.055811349205418095,0.28690152895043025,0.21573858172224356,0.6735233482041313,0.7920504620545764,0.6656839976489021,1
0.15907095293913678,0.24457322886564697,0.04149610887910503,0.3296560894716564,0.30368620500958726,0.13799971956648138,0.6320797031817209,0.13845370850552324,0.24263066953109963,0.09219675576637609,0.06534830785400425,0.3429979818386609,0.914123518482017,0.7422469268880496,0.4268799009070924,2
0.023396635677241158,0.13727102115803158,0.16129841321680777,0.28213821377628934,0.44641173505273163,0.428704198482663,0.06272365617423772,0.2184967973464254,0.26096358460442953,0.18522408753874847,0.17575560964548878,0.38831295066360144,1.1522584535664036,0.7687587231884461,0.349729868775819,3
0.30221324581255726,0.2238133506739307,0.0939732773393635,0.4922201648296897,0.28154115583728434,0.4057215270545556,0.35686788219842386,0.1184258409273475,0.2146619592034657,0.3084383519738855,0.3915814338758514,0.303113205504012,1.247243215397645,0.7272000166016402,0.36946826236624275,4
0.01664774567636719,0.231612355107148,0.046008320946652866,0.22105075367775706,0.4678996235972937,0.29867229272587037,0.4485861651332816,0.22346943367558786,0.22794742659251338,0.09673672874138504,0.16146366840568543,0.2872735890996303,0.6358137664280223,0.8353022663650285,0.43522467474275195,5
0.16427363840351833,0.07474260648285246,0.184616288607161,0.3549038704211182,0.29419545377285194,0.47592886077898744,0.6527677421820035,0.05564715909755371,0.14013927954975283,0.4186598932483645,0.32279944356133566,0.25101598677583153,0.867632854983784,0.8176099168971153,0.5098920237999042,6
0.24139196396681076,0.22115654818313016,0.20679456592271855,0.1183651215230452,0.3989957812272051,0.13015122482908675,0.6328291732533947,0.31453725139050004,0.12956416314089403,0.19178293894184667,0.4848936171938194,0.2847594016028382,1.2271217614050451,0.7747377746339688,0.6184571793104692,7
0.215281928916037,0.15280081844170576,0.02255024764447576,0.035453509784132635,0.03474964465373968,0.1830614930978141,0.12490630219454496,0.12669468953170854,0.14765851582150594,0.37079973338315037,0.0960972473008152,0.33253263473057637,0.5863997685724129,0.756783489004917,0.7561840712590002,8
0.018529358737371018,0.11706516685285658,0.19884292666578632,0.08072960073474239,0.3288377062180846,0.2892058312178277,0.4349177357977434,0.31108846611347285,0.06321687230475712,0.11925977533603918,0.19205256606641263,0.305716013563873,0.8000533284741804,0.696394051888081,0.6216888681932009,9
0.3747227775047004,0.24600497519812936,0.1740652519530182,0.22115661851579,0.22362749546760174,0.2641541418550928,0.9775733075258213,0.07488231891840896,0.2437310165714876,0.3480645572584216,0.04727480679658481,0.3653789853064848,0.8640795225957159,0.7868245374021883,0.6661440603893604,10
0.21629441454969708,0.031186870084168677,0.09391378622759629,0.4196768146866418,0.08785690244880094,0.41943277058231976,0.9731875941843295,0.051188204032751504,0.14973811262148018,0.08100495815957147,0.0823382317351063,0.2682702229910932,0.7036150132658864,0.7204776626825998,0.23794186404164772,11
0.47069933271810893,0.07386249932491823,0.028605118101826615,0.39153326044667464,0.287161554825994,0.4921522036305888,0.8250074871477279,0.2980460565690129,0.1359604916220095,0.06948600023423011,0.12990625458542054,0.32118471449535596,0.5239616654029662,0.682166515110073,0.7639721537149167,12
0.05139397887744808,0.02692867640312384,0.21340648224235131,0.1029858745979638,0.4196193436453134,0.296751764079628,0.7997022582121461,0.14668916282604855,0.3943966124722063,0.058377403692250196,0.17513800173756508,0.22689296587583768,0.5218927849628252,0.843440954377834,0.4536079903988323,13
0.43530742306084735,0.10792298242623212,0.1742969533156719,0.06130328429571208,0.45894837003544736,0.47704689343116297,0.4479342404937881,0.37475878987478844,0.05504592750809273,0.22306316122329278,0.12413889688299082,0.3196718321556389,0.5931587710162016,0.715226773318144,0.7292668727591582,14
0.3634720870872582,0.17436111970350657,0.012759327148953621,0.21446611406321392,0.4182137203807039,0.4406423679001325,0.32703834307159413,0.05090669807973066,0.14691207056494018,0.12183927621262361,0.46309950323943894,0.20603094537961772,0.652622052806191,0.6636071939140014,0.7033252106467553,15
0.341505767728713,0.16533333997554545,0.14867380328512766,0.2681271076874224,0.4889666250759973,0.2311660618121661,0.8156364021864771,0.2319978708244973,0.10262914330511907,0.06773048806566065,0.038446394134067204,0.3250962221864768,0.9084740238637907,0.7281709623487299,0.689881847794523,16
0.048485209649233,0.053675181637114946,0.04028340053758476,0.3721856036296272,0.39094662525363255,0.46976381761194697,0.2977277622260131,0.3121708861054667,0.12108549449148052,0.24417235977349838,0.21015331987366703,0.26775747528710037,1.0968054401582825,0.7538319356374025,0.6062127022626433,17
0.28652446531826053,0.052602332583375586,0.18496563118957088,0.2864567048523636,0.3640122717160267,0.2351839444079033,0.35605274327108594,0.15221989710540032,0.2981395194116246,0.08682993854009044,0.44860484513214527,0.22789726085971673,0.5327009095734959,0.7143802015773315,0.6268105698527476,18
0.4550346075990241,0.15240198979091857,0.11700575981233988,0.010608239264565092,0.22214708948562,0.32573471251891917,0.30979858843874214,0.38445085586465877,0.08578157399896627,0.13856659173262226,0.04397342152500856,0.3191849614357626,1.031788639804585,0.7724787658745449,0.7468158495463515,19
0.3735919551368819,0.22725416852492594,0.03203666736694655,0.18175590351823423,0.11653325636607018,0.3183737670236309,0.26832570181707716,0.14786467362231348,0.19271090352158426,0.20018921790577676,0.10129745649773257,0.3357772448915145,0.6237797188076403,0.8188514783358565,0.28787643393986634,20
0.3043337629140017,0.0811413789865403,0.04271588661494963,0.46085917147405403,0.28490024857006496,0.48242166752909177,0.9224741705866142,0.0540976614768424,0.26844519611480305,0.22630681129106067,0.199701769588741,0.2061273161794785,0.9841503904469586,0.7608713904272522,0.6631699346095892,21
0.23375987052760014,0.18566095992381654,0.02400036479739362,0.09056903405011957,0.31920377098017527,0.30189154986039224,0.6821664340367141,0.11611202910472547,0.30000419102780557,0.27474596006177093,0.22216573443659643,0.23730899645348263,0.8297296026364631,0.8029772303386561,0.6892782796976133,22
0.4166428562858324,0.13066036728585723,0.03660507612469939,0.49711913338699565,0.2076626438294758,0.34961380003458853,0.6503383610069573,0.24296993952046547,0.05566309243617966,0.3368392506244044,0.4632845379636734,0.2853972650869868,0.5040229287245243,0.7732800926299246,0.5502239442386462,23
0.1323858261849848,0.12399273609219755,0.03483956928625828,0.4101346491146973,0.1056604288781836,0.21075050402328688,0.6212767480093192,0.336770440255683,0.12506662000451796,0.16065063463466428,0.2578811845011693,0.20987817067992046,0.9528818981671492,0.7965334201618537,0.33692985823641053,24
0.03161377081315624,0.05927667104842754,0.1724692706235816,0.06534164004709188,0.03790595733004269,0.49478244273560773,0.6032560050050295,0.13494901161530234,0.11862278452684136,0.40838552887086144,0.3763071561199316,0.2698385298259901,1.2195029205437633,0.7427838554450287,0.7571858027407703,25
0.27910663917769024,0.1105658581557408,0.08618718505762508,0.36198903468287813,0.27566911995961235,0.12338062882014189,0.0549894282558049,0.32427810767151577,0.08833591926298631,0.05274049234193162,0.05758004256404518,0.29702821845704663,1.2844758842576431,0.7325200325434877,0.208916616153004,26
0.42614415592323246,0.20295017345461316,0.05719330505143377,0.12989075028324823,0.1999097653372983,0.49760364430290555,0.26184270439977525,0.14375700582484247,0.31063260057474895,0.08648128343330727,0.26908748815134803,0.302843071933255,1.130683512628195,0.7230542917822005,0.31056880520784286,27
0.012044229789925233,0.18633756558461873,0.17589246855193136,0.0773362764410631,0.26542799447560184,0.4804601712954937,0.4295440124581037,0.27529748674531596,0.10657345286118365,0.09825842037817073,0.200928574069814,0.26155815935588034,1.0375737051614258,0.7122163834008013,0.7509576067841364,28
0.1251082095764155,0.08448032940212419,0.1545961605759036,0.13156341060780496,0.28340658854810985,0.3767531716911857,0.5368035499137814,0.10720104208227721,0.056964988114826295,0.2953297892071261,0.21368549250164456,0.2656869148045148,1.2721625660434088,0.8185036064800892,0.48331922351706585,29
0.3864690376623221,0.018388050426209203,0.08308209505787102,0.2922001077671302,0.2969910917582924,0.2913526665855243,0.5537826981085311,0.34207019098792824,0.14990907863491398,0.0773352490671267,0.16075663351577638,0.24346548516062255,1.2633679128664463,0.7258415320252629,0.4699430538223972,30
0.09539537054820207,0.13638574618400953,0.04046495795742205,0.0983575369614892,0.04045783046751167,0.23885074749627255,0.2264275534864994,0.3464063628697346,0.12006703092694884,0.08025976554991048,0.08429593479432372,0.3224752405143378,0.7682823806302401,0.8374910399630331,0.2402362825184991,31
0.3773439453071303,0.03032539837287481,0.24420213358434129,0.2708504509218583,0.3575719177144103,0.15644980986095852,0.23262701585419066,0.16350983248479622,0.20361922722414577,0.15283572072378984,0.248011218431822,0.2512891694123649,0.508937132390476,0.7456351772534779,0.34251628771301934,32
0.3170933009809303,0.06452316471163995,0.19844094878767543,0.2177138294214848,0.4875645241622117,0.24914359938823605,0.6595207619983267,0.05685575853162172,0.3290948854190622,0.14988960406036667,0.17711169560977386,0.31679546332360414,1.2205310897673611,0.7261501498510802,0.4460747418105164,33
0.09327403394412556,0.14213602962352845,0.02032865479584355,0.0254243046721625,0.4630632913523973,0.49404975155525893,0.8280666942394515,0.3555785939612822,0.13657701020723936,0.14269523704376813,0.03790870962189428,0.2779407589789093,0.800933435207779,0.6582356269179324,0.4103590215081492,34
0.32480950723501273,0.043560387995790054,0.1361732556781731,0.27483689418067064,0.056501968502564746,0.07819864896070938,0.4233296647621957,0.15282613004405962,0.08401191188314314,0.3222521287090305,0.25060262367444214,0.3729153633012654,0.6772051799162555,0.6965150824040096,0.5944777759093137,35
0.4003193192591407,0.0365796330972122,0.2267755208950377,0.36329791907130626,0.384760378545488,0.2145856616987833,0.9327354615027114,0.1771213763182411,0.07112256613514138,0.13037101208932111,0.13259243424280023,0.21535036845739183,0.8053728496486763,0.793636973692886,0.30822705489860935,36
0.03425617854621306,0.14667280618223463,0.07732384447249642,0.0700397832391326,0.4095440508130901,0.21131686147338558,0.23619092317851348,0.14945546339503557,0.1564851809026945,0.3833133791399315,0.037549431110176876,0.2684988038473794,0.5951584543950551,0.6549117220633468,0.6330493290378905,37
0.23287810869634495,0.024789762199771186,0.16239303386384604,0.111618725648496,0.4488076967609361,0.15074750807706466,0.9786994747747333,0.06868827363446038,0.12806710672261215,0.07858733379739259,0.4249675139071928,0.36867284060461236,1.0563668467341762,0.7680107080452808,0.2489378505807924,38
0.3940118186218578,0.17847786315206043,0.18362336137068686,0.2455036776031252,0.31120766846506903,0.3991379042870326,0.1151067357390028,0.49030414441148246,0.13291799106669955,0.0748878797607672,0.2445600689575928,0.30541087718494614,0.5493106259947853,0.7096164691961068,0.7442151871640394,39
0.28560152190298516,0.144382960364336,0.11011976576997676,0.05940206311627482,0.17839183435716774,0.3235049572063383,0.3600759960741744,0.15841523649713868,0.16068774556992693,0.37654752631483124,0.43090917062603135,0.3677087827250379,0.8818977404991419,0.8166051294577796,0.21446403729383884,40
0.13958114196961394,0.09561597416286433,0.09485596631506053,0.04363084553077118,0.14992231371653866,0.29388412252751633,0.8913243595999716,0.4083157154377964,0.12992862226202342,0.10498482869135378,0.3562363427817852,0.32568269964515284,1.0888528459521019,0.6653716423168958,0.409309787804751,41
0.406163547012834,0.057951116740925346,0.23891692699148737,0.2584426330126297,0.06125456585052357,0.30827451901503117,0.9358472013779621,0.2787197645691596,0.3160935875786889,0.08287924182942771,0.1722033482173323,0.39640775111997556,1.104563025362545,0.7223110620311165,0.4790897358255698,42
0.29516130919601874,0.15720867989258205,0.0999220024299077,0.3499044709599738,0.026939219246063725,0.4750508599602399,0.7212631501075879,0.2990886280515574,0.25547592644951644,0.1309433008410086,0.1681076715277004,0.2195331548454427,0.6648560938586565,0.8475682465776411,0.387249185877413,43
0.2589324776453004,0.10947946394455348,0.15453354696538305,0.49900252313795246,0.18398880725533692,0.18890564679748723,0.24066525836932634,0.15795861548869478,0.35169241224896547,0.16389853672215898,0.16518102861481954,0.2344867093469758,0.8968071532058923,0.7461387130375714,0.6594481773880645,44
0.13855344417439425,0.2282430974718094,0.03856577111265228,0.05169698112852058,0.31728548646187565,0.4579828554553685,0.22498663427808363,0.13109855465548234,0.15420369288379596,0.1672538351991369,0.3869197072613965,0.2923121971879016,0.6190662170350659,0.7624601955309974,0.2613820626834117,45
0.19627582330030263,0.0324883833629303,0.14995855602479094,0.08861109856028633,0.2799425384692418,0.11926860092136837,0.7431939918880461,0.15437903006098308,0.20939096733277307,0.12035510849182168,0.2976721513958258,0.26264291257165806,1.0007104861200955,0.6877041205739327,0.22304409428726452,46
0.4671165717945032,0.21798903723379096,0.1728259709910571,0.49202389274330555,0.16289870259842557,0.23108091385623103,0.797134088903118,0.0597411781049154,0.12306764018473047,0.46486694529854045,0.10718553633470872,0.3468307177849941,0.972425851967676,0.7124113726981366,0.37023841285208925,47
0.22114861519739895,0.013455312135552705,0.2408575358559485,0.07493583047154727,0.31978163459768727,0.21382523900076073,0.21832071669081654,0.08061878607655194,0.24401608242556383,0.2663419951240711,0.14984606950312915,0.251303945585995,0.6595411943114564,0.7678198437984209,0.7578163500609927,48
0.4567507915243794,0.23774655947261772,0.2188294144634247,0.3151163219821663,0.47738690491599733,0.38980349140251386,0.25052545027392253,0.16871296603428731,0.14610702862752048,0.24912608582252221,0.2879654651779839,0.28282505458570073,0.5832870543060975,0.7969602341287875,0.376829005178844,49
0.17491361900653177,0.12034601536093256,0.24867469968444458,0.38476445233685896,0.392255477243269,0.2567175827005947,0.9662901257648231,0.3475649974788465,0.20141660359361285,0.12574325712049333,0.1674266751509196,0.33267257482134616,0.9053768537332172,0.689479339531827,0.3721416005297913,50
0.31670513479322915,0.05902069509528086,0.11765106621659409,0.04605848804830292,0.16287739231281095,0.24562226913509383,0.8304062516867023,0.26001628338011223,0.2893412445548905,0.13472923387178326,0.4416119611633287,0.38471298533515536,0.6168825210742523,0.6937143455073899,0.522944253556977,51
0.06229729318107235,0.1871682632091902,0.14303283416505425,0.4040035570447966,0.09201159324951254,0.3408555769123301,0.7369917559911005,0.2230651289374474,0.16405985355254926,0.24099279708489313,0.1945164681161449,0.20082588551265262,0.5137214297576305,0.6759502770107532,0.7904378285723344,52
0.09189313433281807,0.1942016532829994,0.05543970038724065,0.11827475025334744,0.4903896014749881,0.2940884191435388,0.62224617036002,0.10133701673469477,0.057473873543516414,0.46983797487397394,0.4325736438962429,0.32181924149151553,0.8491825211332908,0.7415178125231665,0.24257130656390113,53
0.062180674707619565,0.025108661682937808,0.08582925062587682,0.2967906265284949,0.38736641604134175,0.4689943630754379,0.8193763364542609,0.3573014773172899,0.050981833827840245,0.061827018463561506,0.2316062581881622,0.20138515096173812,0.9691338793154718,0.7952931241177243,0.40489753415092855,54
0.26358477290617977,0.0541406474898292,0.046043236644105076,0.47906977131543454,0.35405361955033837,0.2188683133834149,0.46181182404836135,0.12706968409013486,0.05045866184860798,0.29846527963465974,0.441798356592633,0.2518483911690837,0.8485056402370417,0.7565551231245268,0.6326247777889347,55
0.2341681298474735,0.2106398451540192,0.14610695183262742,0.07624550377529128,0.3752678189937526,0.050592546507074045,0.39860284283579517,0.12550004707179507,0.28256457283996833,0.21999413721827998,0.2481671512520065,0.27458631397939387,0.7271208909738728,0.743366062112088,0.7860671967008661,56
0.12717800030855161,0.18754926061437002,0.22153640414204373,0.11407644424764278,0.3518118845260819,0.2806012484890425,0.924493062088226,0.11389553471788989,0.08480300261733825,0.38542929757139416,0.4423671996016404,0.24280036844045286,1.263593400781714,0.7207237849515507,0.24035584130098867,57
0.08147347391399587,0.1598883794006006,0.18038607571395252,0.39801117769834027,0.3556543852223826,0.09065002867702832,0.3240126572515509,0.09748578579787683,0.4313900727614058,0.05136802243322088,0.3184298616203579,0.2814448257641107,0.6816402926387751,0.7079638882670303,0.4823476557365677,58
0.4092878508270918,0.11918503473237761,0.15976394717166478,0.18428067593833825,0.21312909598214186,0.21345663413482235,0.37986018493630574,0.35252880767633354,0.0905139485516934,0.09011616272242452,0.30903665094143207,0.2078001215357059,0.545790820193003,0.8272925191194384,0.5052065473980841,59
0.1508488143625054,0.11566125219466443,0.22972897848597684,0.3387528783707314,0.14954359232670267,0.13840819461975973,0.43970259622219915,0.24072012533402354,0.15809006001542159,0.146309877274881,0.31233352814444276,0.22940552878599207,0.9322441980051536,0.8228411650766232,0.29290895597660627,60
0.22312072695817745,0.19072468621027489,0.03309402962401095,0.4266002200797001,0.15510579096408394,0.07072371101296081,0.2967395200680936,0.48754016577806625,0.0656554305850956,0.07175108496313051,0.2864555995623918,0.33742884992871836,0.5486111576725294,0.7779402738310162,0.6671319209050273,61
0.3773014926536099,0.03480484687675197,0.13766651850201098,0.19876774039260098,0.3785077527439701,0.25701908619051816,0.5010040516352156,0.21626333053239266,0.28348793113851706,0.1684882284666604,0.44411287671724603,0.33558314380119547,1.0776092935978312,0.6669741621322244,0.5449421626283046,62
0.34859716677601843,0.2420063063511446,0.18598155888837703,0.4787874192563457,0.14103125122104282,0.3129818645162113,0.4932357465510713,0.0962793776808033,0.4111902444179978,0.13625495206799398,0.29109231252014556,0.3107641694478003,1.1545089529449268,0.665521900472306,0.5130313155972219,63
0.10481069166511958,0.09867729654366383,0.23890491914024184,0.4015282385853692,0.36125036816336853,0.062008273711813736,0.2858228483991678,0.1945631504230364,0.28004620173044337,0.16060372964182465,0.3451753977301342,0.2911397601063802,0.5504777384290996,0.7858058425819981,0.22354055868147868,64
0.159118148381978,0.22630907279404194,0.0502759275732387,0.182012135838246,0.3664714049453561,0.4051760665685215,0.3795180917692714,0.13017751372619824,0.23799541459145584,0.06728608014826931,0.23469867409044196,0.3346370905336675,1.0638216743234556,0.6844749761891984,0.5956244228007798,65
0.4778008017518233,0.17510376923267545,0.03088448359404837,0.13476041761588706,0.34384332574501353,0.2272236871908057,0.9611245288852454,0.09940840674467757,0.21321357750332487,0.33727645432302755,0.0169514135782046,0.3237200842391297,1.0523851275931375,0.7215810336406661,0.39755356064831415,66
0.32996180047649776,0.12815367962628943,0.06220614512361504,0.011975711028453871,0.20938532283530203,0.4929852900137515,0.2995793773191962,0.30353093972154443,0.14048757202740952,0.08564888627127877,0.23105748146940489,0.34638971925460404,0.9081768821652415,0.7557427834327638,0.2693190896650358,67
0.10616168004451855,0.027805268367044042,0.012212796010673835,0.042534939369783795,0.35244465869907565,0.4822619241671016,0.0817433159154129,0.12461285506113529,0.27977568194257085,0.13540201434280744,0.07012290205303982,0.21002240497725533,0.7867566154718316,0.7540535913235182,0.7807355909560845,68
0.32462186954814753,0.16450252263883391,0.01409475504545915,0.2847859558394337,0.26838835328118854,0.149711424604688,0.5170722526795385,0.0724638553527288,0.19260442029464908,0.2712137049701799,0.22897835292098762,0.24881615559759643,1.1435378864686507,0.7365672841774269,0.7894269539483554,69
0.11001885768242183,0.21646508982338583,0.13744990956181527,0.2560875954399353,0.24302230744380907,0.39144124860689705,0.9776473446219377,0.2641939296618847,0.1701101256230119,0.16282897552765402,0.06244066478897851,0.30273322361927457,0.8785208403781046,0.8080946552196846,0.42773395685453997,70
0.22789102104312134,0.0755748457880712,0.16688526658980976,0.4719990091550052,0.48011898058403796,0.4441883270188726,0.22317814697168287,0.11570389277398122,0.37468093658427176,0.16912003804177086,0.2711896185445374,0.20414297226821665,1.1087676963463549,0.7225017350779679,0.5163455480392414,71
0.1036528948450923,0.2424664475505532,0.18338751669003234,0.3998962009271002,0.020152919359490085,0.05311478651049312,0.19846778148261268,0.25578723114817203,0.28600719432748717,0.08851263436079587,0.29114216607376026,0.3117787112597715,0.9502542879459239,0.8218509285660722,0.44919052927960834,72
0.07638152165515855,0.11257287794841224,0.09296402643849809,0.43675165163239704,0.39520393945383253,0.23345102325208622,0.7966144160663418,0.07327555419533086,0.4465176908611944,0.06987764771814484,0.4103442192481328,0.2853062082377121,1.057241347473635,0.7943912059752343,0.7123962343243255,73
0.16840361470486112,0.10061058786242401,0.21491459506577548,0.24113014863283938,0.4815978224908372,0.48055213045353334,0.5000828199999539,0.15859716055683787,0.20372030752873715,0.12505047646726558,0.48683741875324926,0.30989976781704964,0.9283857268483896,0.7035690401921793,0.2552387745109722,74
0.22215293464299757,0.172845543809616,0.03593201432433193,0.4519276208412325,0.07418856828429304,0.444470476776339,0.2547160721373508,0.07525268109851307,0.17899710110056571,0.33008858024405846,0.2181623182700372,0.38052838841240566,0.6674297794964832,0.8409440290378274,0.32341606531237443,75
0.3129685635896154,0.18654265086487645,0.19308196382311021,0.16022350731696033,0.17948717551288682,0.3176027225428518,0.29841934778631235,0.11494427498448005,0.10518855353622965,0.46231748146769597,0.2506693564584164,0.2123995735358163,0.6261473480989621,0.6955350711624801,0.3139408402968754,76
0.06814257422971448,0.14103708746361848,0.13387940719263966,0.06143231485720187,0.26462351715489185,0.13577796443965023,0.5544308543168711,0.1342047558050703,0.3013837264329926,0.14317931793936348,0.41757295386055093,0.29031039314137996,1.2867628849286579,0.791243060153775,0.22186298611803093,77
0.12382360958447086,0.2457416236981573,0.12422212116950815,0.1795659950009221,0.4480113469875703,0.17562897982896886,0.8883912710876198,0.09932381108948482,0.15250892869057436,0.07234797036119851,0.16869271557957674,0.23526505985006743,0.5774380405331172,0.8231103526816181,0.23397048130970205,78
0.24607673973235553,0.16461149612798026,0.20694879824028223,0.02390891484100284,0.010056569769191573,0.05233352782209972,0.30179546471798685,0.26215062617739343,0.21714407207214687,0.12511115302173276,0.1495084607465159,0.22188894563207417,0.7027076173731844,0.6688737688816156,0.6582979176521286,79
0.2958810401105446,0.15072272541294232,0.24683498478464513,0.3466431992252358,0.4056792380837082,0.38545159879136387,0.4698042669272871,0.08161548500229038,0.16660071556205452,0.1686504184281183,0.370506260639204,0.22676599765625438,1.2609070723449693,0.6643084943298075,0.681129178285248,80
0.2675113298057118,0.028098177457472867,0.07578936275547471,0.4340873971282003,0.14923365351498974,0.33105094709614674,0.06460165503720768,0.21572360056722217,0.27191807837158016,0.15712376334711348,0.1279835998830724,0.39507805111889305,0.6145599441089444,0.766043284883331,0.5422329957538397,81
0.4338317607792399,0.11675984050543911,0.09649775710504686,0.05365941467740426,0.3411320168853734,0.41648632845668415,0.636237855408584,0.0626352470110996,0.1324467710712972,0.3028979895247214,0.07973345436127209,0.27169664381387776,1.2673758126376211,0.6996640214661368,0.32506663705668065,82
0.41912405363502264,0.02083155828734913,0.246409781611828,0.4887916193963362,0.3365574009146755,0.3597596389479892,0.2028647471761213,0.1115532491151261,0.2599427737994488,0.24303029972873003,0.08758877327389673,0.2459163525324137,0.8876393549719537,0.7217333401735496,0.30116997380978433,83
0.43222197614449026,0.05778966284775627,0.06335443795985696,0.05536432375794071,0.3678230945268762,0.3803083604356764,0.07157794262935473,0.11652485900157075,0.35685373138287907,0.18833662669596357,0.18465029195605295,0.21625184156605373,0.6442600701437349,0.7263489493810353,0.4140189578598573,84
0.2731867686529954,0.1061877317748059,0.21101139977227049,0.023774245019744213,0.21607475444113852,0.06593444454842254,0.48388783102265037,0.1314272635276007,0.20307210106328666,0.3180423109743621,0.06128102641374075,0.2677769055902806,1.1360341182639813,0.7987404689542957,0.3060963568430429,85
0.20163078568334847,0.19490417019829429,0.14363219028685575,0.2641113658920551,0.3109982937462564,0.23748920243833072,0.3387258802344067,0.2882748333935315,0.15466935783730323,0.11495657064917324,0.302781451071807,0.2757594027817055,1.1104291061999376,0.6579265674612177,0.28985711144633486,86
0.05927160022252962,0.18332607022505348,0.0934015702129622,0.27908267766259204,0.24790845496292852,0.28098754788864994,0.2740836340537661,0.32709805066204584,0.1451469628294169,0.15839827077589963,0.12382988128981452,0.2752746178540374,0.6738028017406406,0.804588873230564,0.47965451034414885,87
0.0733469932208974,0.07728755113902999,0.0872681566079077,0.3766102002253335,0.46599066991479204,0.3136244056606965,0.5195282761353174,0.24861491434402916,0.14952459570318083,0.24572869513236556,0.4578051129888124,0.32255787155996923,0.714217778143536,0.6643749907174604,0.3124691012840913,88
0.33106318016594727,0.07398584888788667,0.09205059803092126,0.26456904834095246,0.33830718650723346,0.47613746337779667,0.8067985141782023,0.3449054576285944,0.1103310029623909,0.22799976888095874,0.019490442386926453,0.35913836235870217,1.160121942404781,0.8036380315144447,0.22077944047743048,89
0.11920264636895832,0.21783964842620732,0.22961967739833997,0.3718986160779162,0.4935286637189567,0.4050392876945976,0.6264305696502034,0.21653920863664788,0.15614473245561894,0.19294384787083296,0.32343185775322614,0.35861256168021854,0.760161550751479,0.6557725216917281,0.7973958243671027,90
0.3946293978693025,0.1026013732216617,0.1960928606711293,0.3942422985901569,0.134719466821184,0.23453109974508202,0.7779859873360627,0.4034734680195854,0.07579469589312272,0.15023207218335954,0.46252775693351744,0.25904564019398346,1.198577221348129,0.694082555913858,0.6600110068928751,91
0.17661556528025965,0.08426091254630849,0.01073320986958868,0.04697304887869344,0.49882694271328815,0.20843214390845755,0.8129124980515732,0.3670037555991049,0.22992511138740762,0.05639389538004381,0.4934344252166557,0.2381022024068544,1.2579698077524668,0.7774838641984274,0.39042223534140913,92
0.3595739236861699,0.1940698516326385,0.24778070296780857,0.17710356728524349,0.42549296699562283,0.23388892973648467,0.7605314891411047,0.2797472907669772,0.13176882865045703,0.11889527289548625,0.039473948111161915,0.23809443962937296,1.0904880505943098,0.7991698860763145,0.6802767328132239,93
0.3449615245902486,0.21526260670522265,0.1638831198852214,0.05493688144742569,0.3984089134171259,0.32095555716586827,0.25538797007938613,0.273547859659126,0.11046859366037931,0.12609244704299552,0.3976231789435313,0.34448645051078053,0.6014056612788183,0.8293069120864219,0.6407999101213948,94
0.2661445004050317,0.05169695419009699,0.2188860457968705,0.13010440916633315,0.166519925414717,0.08803027622377768,0.8296344865584393,0.2169450671971171,0.097044492398646,0.059015666094316244,0.21776414452741708,0.2671513648130848,0.5328105292644755,0.8165132402923884,0.627598524439576,95
0.4060577873828061,0.14560334326834193,0.05609821933515768,0.46614420518766103,0.3681138278896889,0.18344226232216992,0.28609836567526226,0.17736703504653706,0.19692794988781037,0.08575030001390882,0.3052944282309554,0.36988089500046106,0.8349574783853568,0.7411575458487669,0.6719072060822986,96
0.27504245939420796,0.180541578905128,0.1324590999690965,0.3357175042870016,0.02867842930775865,0.05384992952425672,0.7400008553095846,0.238466169968017,0.30525691488423157,0.06534264888850108,0.15675309749064914,0.2255900099440365,0.649976137654791,0.6845920296983795,0.5682135689618116,97
0.014248489333078252,0.1364768034321083,0.22495103297491678,0.3321782141495287,0.3838230325592593,0.40242968999726303,0.7579567184454723,0.1025644787894289,0.05859310779034479,0.12986818779130366,0.011832918700213352,0.2925142583803444,0.575903406440887,0.6735306161800444,0.5079995375726747,98
0.49182973823812637,0.05646568400450533,0.13575926050886072,0.238303365116822,0.4600765301520711,0.21921543476983646,0.916745111482678,0.34954242234657795,0.12743571254435943,0.12428761510275806,0.02379328618031782,0.3599817306582682,0.6226703262006286,0.6523135375952474,0.42124790976148224,99
0.4581037874812524,0.08288393431900425,0.05260628934129318,0.2674199365349461,0.08533617986180093,0.21482226104071883,0.45937763440194035,0.07334188010561912,0.218212328646873,0.34445075342742093,0.3867929620754193,0.261398045748489,0.5126556578520955,0.6526471004153502,0.517948453755121,100
0.21413694919232645,0.08821636606056624,0.1590793401294261,0.08867403895878968,0.18392884137134566,0.3703858236814718,0.21905668487809227,0.22143980618407333,0.055343501545410956,0.39831894944071844,0.19797570395430375,0.22948217668005721,0.6981150718084057,0.6644629469049796,0.23032311693162816,101
0.32719542483399405,0.1826782679065098,0.02678953130977956,0.3808819420083965,0.03778003142354054,0.2424098706590131,0.10966387464560917,0.07382113346077272,0.24764914583321568,0.12387262123985959,0.06434044609213029,0.3507839981740884,1.1331981872809291,0.7593640367823142,0.616894187734644,102
0.18646945975845042,0.075906484283285,0.15159651848929384,0.48884070533311075,0.08664757577831567,0.09216652525898103,0.17599561420794602,0.12950871449736956,0.2171090283833207,0.13398310483201048,0.25105225024706423,0.27340974038422045,0.7247967983783603,0.7359635135633282,0.280439591323999,103
0.15509488629405274,0.1001275706764318,0.06861996071545404,0.22864744069125037,0.18916379089888086,0.42544909255422275,0.1654280500171486,0.06081683638156443,0.20241304780164654,0.29527844178264706,0.3277787999640004,0.2234359514639617,1.082304299130383,0.752000414295103,0.659489453424706,104
0.3362229108694442,0.12769885254296243,0.01600003113061418,0.4758573047131647,0.12975093612163474,0.18748532936576678,0.4742746859908635,0.07149749343581581,0.36871961212167675,0.0766269400256043,0.02001335063213493,0.32528943281064815,0.7536049462191874,0.7890970063724692,0.7505336297398473,105
0.35463920182340125,0.23153550363444944,0.13389003102147035,0.052582834874873856,0.4969586790594248,0.4003124376161185,0.17389757648466325,0.4161778974765833,0.06160156531134601,0.12137574932337854,0.3457390345917143,0.354447864536006,0.561328876104865,0.809861296222205,0.3057084990393798,106
0.41975141526797,0.17064303467561853,0.12312563075975182,0.4675358867872712,0.4195711342670499,0.467524637509229,0.17812081932649915,0.3275526147872343,0.1743552191259904,0.14947039251842154,0.30856106077310563,0.3352443401525075,1.047239246218808,0.7332458792810217,0.571343266952004,107
0.30029177946069646,0.13214507579462806,0.20372288931629717,0.0779358172230551,0.05347242640375115,0.13676116238372368,0.3470531332088248,0.08815869718769642,0.09770406429626913,0.06543646195281912,0.15757221822975218,0.3160332438774989,0.7235512630912921,0.7886833973272311,0.45317207406632964,108
0.4873489875721251,0.17768927740647011,0.15015408452976686,0.19315900672004532,0.043348455255290186,0.07930805583383266,0.4220186592276436,0.18037101007124445,0.06852609751522544,0.4075474258028139,0.06124260450805697,0.37672190582556575,0.8038841841125864,0.6811299816206469,0.5212688291191976,109
0.02036094223430513,0.2133618279647967,0.07381127267788656,0.2125580413708059,0.142595184261561,0.2597359957126468,0.27645455354386117,0.19427737663179045,0.0534939309525986,0.3347519837661511,0.19387027157976097,0.25350193780093294,1.2191340182408954,0.8357149785655917,0.2194429477130686,110
0.11493613925403173,0.13898461173850526,0.24117450978437177,0.062028972852128494,0.31264177104439006,0.27762980219866923,0.9022953861229563,0.07163900268729609,0.09471982140494867,0.13324307520989112,0.407280523565464,0.39189475176655003,0.6696511804659863,0.7062559512545641,0.528619961385766,111
0.2854937158112532,0.0708927228355122,0.07455867999512743,0.3074496484418355,0.3921275640893233,0.395298890901096,0.39459610137413675,0.0775735082190019,0.0653693417852281,0.13220256716175582,0.4952309064311894,0.2419174782964794,1.1662103946701758,0.781674932369667,0.47982418709788877,112
0.2616613877474413,0.2092330223577585,0.19288441047140684,0.013110755255729632,0.4422717022045199,0.24880950998102092,0.8201265493506775,0.2313304770345308,0.11365697320212456,0.11204332672201812,0.20516073406669313,0.34048912513690344,1.291375044881773,0.6943374236209232,0.23432100071716663,113
0.36664741843358883,0.22067443630839917,0.11575642041499559,0.32415315400434047,0.47536949567267167,0.3394641284463506,0.47225099972872514,0.10315789205517278,0.06694819963544212,0.2872739391889286,0.33162723672988464,0.36177877605979947,1.236365264484155,0.7592532046767199,0.5573963909173081,114
0.1650754157925134,0.021861541267073143,0.1458363239585323,0.013369014625339324,0.2767002319362003,0.10792530284126065,0.6148585079834631,0.28177270304945734,0.23917170703549018,0.16676926631060557,0.16824568055228287,0.36232676820757925,0.8940434430068431,0.6907947598242238,0.21270441148583655,115
0.43775392379335915,0.014188235371073348,0.1322342925809075,0.2788505458961628,0.42535254738338546,0.3357023242997334,0.3271285495385058,0.06348643581190784,0.44575031805554893,0.15028630355870995,0.05108879896323372,0.2424681846167815,1.2998239402858822,0.7578909861099182,0.2849796459384601,116
0.3955411201715504,0.07976249758671493,0.029353475709612636,0.34087780574499116,0.19851910585139343,0.26931044559186224,0.6529767200627614,0.05141658955064859,0.4227078762464859,0.2074591350586737,0.03908997694759369,0.2728521262208422,0.6104071051147646,0.8472625596850616,0.3399654692211198,117
0.029658739324813478,0.23525762931772273,0.19832279563421243,0.24572944101713656,0.20454233640986044,0.20046035956027963,0.9447509302675158,0.1616897081460789,0.35231735561149946,0.10907950348694606,0.2236170204193557,0.3679364692418473,0.7576053248841785,0.8369030494246803,0.33338636771703445,118
0.13571996889373591,0.1622855023597343,0.15340991505666127,0.13458485589306224,0.4281887172873853,0.2532126450913377,0.9770977126492572,0.19082706027072927,0.05879088601978797,0.07891006444128626,0.21170449703140146,0.3547309113968714,0.9997423656930273,0.7264113748940141,0.42868731517142544,119
0.1616796082624195,0.050363822864431126,0.2488815258177969,0.47924192690176254,0.49801932112750985,0.10622421560438677,0.8739164748416867,0.1677230538543786,0.11699248552074874,0.22202577821576613,0.3139444331338412,0.3422895037509033,0.7159279172606319,0.7461458966148942,0.3644023086962478,120
0.12638388374486284,0.1614737726109627,0.10403098694432761,0.16408809513940675,0.17227603831044921,0.31691725425157735,0.5534304940326846,0.07029825454142924,0.09477656180465147,0.4985422757388769,0.3881694079491313,0.2764440513822128,0.9618760652833559,0.7636764788332726,0.4781584913738675,121
0.21517512942900344,0.05468982873909007,0.05907279550011538,0.3112863635625989,0.3902814940622916,0.4695754963075791,0.4347139684867637,0.05393124519414356,0.1415256353872717,0.4478779160398975,0.41499522460409366,0.26791415525164736,0.9292089648983932,0.780638515584765,0.6205378331082179,122
0.19723363628476712,0.2100661422647736,0.22854983556410266,0.3374726880578529,0.3761413786870976,0.46800371877472985,0.5085768302755715,0.346190456241612,0.06596067314829178,0.2507060887493967,0.265986069599433,0.3351632927240784,0.6547542800877951,0.8012172261886424,0.7223807828151803,123
0.48544121897390907,0.05368826496079975,0.20299807748490897,0.16528104113404407,0.48458293784959816,0.19871392540193578,0.9123174965574848,0.18158608641331764,0.22311873849871527,0.16810370675403785,0.034640160866915945,0.20354846579526256,0.9669537788491996,0.7765851889969796,0.22347259138377992,124
0.05008842807329304,0.08994612646397317,0.19345789430715338,0.3861245801118526,0.48088753240187904,0.2437689660790367,0.17000501163325069,0.20530823960794192,0.1778621993417821,0.15957189899782215,0.4190786627739447,0.21499993534871853,0.5382233939134657,0.6718036992873643,0.7278971310332663,125
0.38248255500785705,0.23773561283770217,0.18053249056417137,0.26363090094512337,0.2646733576239881,0.19922266794234533,0.2851315480885042,0.07188349400263341,0.4104083721832814,0.09995828837374254,0.23514230974280467,0.2491843285268718,0.5792464891962411,0.6814123275861097,0.3921157855509113,126
0.09625648179325613,0.016770202128758897,0.21732347234656946,0.07578120982642678,0.30864162926234007,0.2543150032223755,0.7563157212277408,0.050824282690509585,0.32920022696118406,0.13934653221555093,0.08172159957853486,0.27207666425533983,0.8985035710452778,0.8303106451053559,0.6865419256349761,127
0.4140460053361987,0.06046468406425771,0.1397596145551115,0.28605577483361494,0.014984525489113757,0.37253304778824414,0.06439498784063782,0.41901773423897537,0.08619716693176238,0.18846627671110627,0.1206570934065213,0.3565760048988763,1.0966580816167408,0.7562561104577765,0.2745652006978058,128
0.35660987491998675,0.039694187185558075,0.0264332870588563,0.4222534140064294,0.13846223648054243,0.24230015662841348,0.11222255566460232,0.18734881155686156,0.23738301405944473,0.26884846830906056,0.44466517666050026,0.3258721944468329,0.7521268984481977,0.7153896040697215,0.3955407661679468,129
0.15424797855779712,0.18131034982541894,0.11987404490056841,0.3673227623219791,0.23737709458063272,0.4529476930454198,0.6329330555183844,0.16399258841282127,0.3699042176264705,0.11790577959404008,0.1269762287576501,0.28778490412568747,1.128708200314373,0.7019557240958354,0.2896876541557456,130
0.1952517504890873,0.20167962478959828,0.02829302912554016,0.17794990846358363,0.20693010880638388,0.4060451723218946,0.8516403759756551,0.24877724043283272,0.15031700389646774,0.2350432904297602,0.3547554998760082,0.2652344994096458,0.9063132329078099,0.7273003437131231,0.2416782534977855,131
0.24704767844755643,0.24676245940715516,0.02266546761026728,0.029535938023663368,0.06831855331955573,0.24423111549042775,0.7706238862257472,0.21981699452164394,0.14397367313302645,0.2659706732550396,0.48628905136408007,0.3543544878171832,0.7859817196490156,0.6548273119885041,0.6590378864148612,132
0.12466831473144294,0.05001920444837942,0.13366082800159734,0.0958550410151524,0.4348507230453369,0.37264378564597683,0.43168569860333367,0.2667528399794176,0.08726922357444612,0.07298168619027674,0.01480383459696476,0.3586857736703626,1.07089634406478,0.7189123579845877,0.2407386733582175,133
0.15249890641334513,0.1966738542222956,0.21187775201678577,0.28150417597062805,0.399727379607921,0.24873120789812542,0.7935454213517158,0.1130963159371817,0.3519286073823438,0.15902549415004977,0.3141396454778505,0.3142191732808337,0.9195161307241935,0.6918271107231087,0.26920509302879664,134
0.15268963384869494,0.17468044403133506,0.14531438952016118,0.31345330635681873,0.07772160521914578,0.37010824308043916,0.6197930436914953,0.18866360516879005,0.20549041630406595,0.07783869916950789,0.3918530573583761,0.32616464400081635,1.1917982245663286,0.7651371897671,0.6358014739759932,135
0.19520431962738538,0.18536389728474464,0.09481514072535586,0.0796976053288464,0.07967048291823674,0.3440568250483057,0.71040013326771,0.05074017932694414,0.059277089660027565,0.3255715472706479,0.28109104929192685,0.3320978787509868,0.6869079856334028,0.8307844270455313,0.4544943388268483,136
0.44131819357446705,0.22354127072402363,0.2205462996110885,0.19352129617887384,0.4418934611877816,0.33098144405503216,0.8035131364757607,0.4505431285418018,0.0687363978702043,0.16234163257075435,0.06836917932831231,0.23617129111127194,0.8936240256038444,0.6978160318563037,0.5726005589156437,137
0.31777311880096626,0.016131627875081368,0.20909157287275842,0.36308990371569216,0.4028997087600533,0.27136788112058413,0.16558804031163893,0.37262132457112274,0.11767412780677608,0.07744077311165576,0.2526511237084375,0.3290635402843527,0.8194346152506733,0.6692846780464169,0.3784263419639543,138
0.26376523047884004,0.20797077843312772,0.07903267191457194,0.4008030160967936,0.1799371844810828,0.0741971021364454,0.19338435302741075,0.0995327087570951,0.28473667922680657,0.1902501823430493,0.2931342837388919,0.20591320426657178,1.0787770068033935,0.7439304738719404,0.7615163038452981,139
0.3420575120917862,0.03812150513088311,0.15077869110677633,0.14188719262194963,0.3142859989938326,0.3231790403951032,0.46265843674091994,0.3997854070249811,0.16367240797280141,0.130731172813285,0.471288214950772,0.26463351535274493,0.6747418613863967,0.8477744920502894,0.6765926755353429,140
0.27579118486911075,0.22719825440333052,0.12411462347302539,0.10741947048416883,0.18533965050800733,0.37274892023426487,0.8093537136981841,0.40205255684801405,0.11447774689380406,0.12810373502955777,0.40577414366408077,0.23765071015588304,1.0899480753988733,0.6913063356187333,0.2010182308564523,141
0.282678121495556,0.07475585784541365,0.20686815712173584,0.4713924744519375,0.19827369426938066,0.09833134106457819,0.9695053519152512,0.13281976414968036,0.1115701048620141,0.06897619144910236,0.18061608937310622,0.21586899100839227,0.7216997027260357,0.7505535850188341,0.564946009826764,142
0.2742946996434379,0.2086014077178035,0.03897025159504435,0.21682552205646036,0.021647419635485728,0.2281945189975335,0.5252099097624806,0.18163106823391312,0.1911775046497965,0.161010441288854,0.3743676724060327,0.21488346334928246,0.8568853956555442,0.8063176109226629,0.4602848788508302,143
0.44777057748902505,0.024775877780870547,0.042308218617810624,0.42830595921573844,0.14795882263103224,0.48301593441917795,0.16038012986545083,0.10952436243534588,0.06306932709609264,0.34153028613480324,0.35200740560229504,0.33523176269942634,0.6979460781572453,0.7163535065583644,0.3133929147933414,144
0.24169135450855228,0.19641425974768667,0.08637762416117752,0.2753342750629399,0.24327841401484734,0.25650218196520536,0.5037358827132273,0.3873319022739553,0.06396030113676628,0.1424638020315476,0.1376081005746085,0.3737913382053403,0.657524488696472,0.7087038194927004,0.2342915822804139,145
0.06570359686247652,0.23131715827705543,0.06947385402991321,0.25487906266184635,0.4798077678131864,0.07671384791177667,0.5600850708713956,0.34563960500050095,0.11153188217124285,0.1780335077878471,0.3628583623928047,0.31787562650515794,0.7424226517934307,0.7923949669600688,0.25637110120043116,146
0.43436192360569076,0.2357013378273397,0.0691674918918871,0.16535980656050142,0.42789545869387985,0.32876466173935587,0.16839694539112995,0.2401667052519741,0.09243303877525762,0.16603759356110592,0.01906443362004997,0.35031327967842363,0.8015175866266286,0.7600672905316721,0.2612478954012895,147
0.13674168297535863,0.1060745194218508,0.05023401922059235,0.4586999157763176,0.4443365676145996,0.34671451703801304,0.8675713499186262,0.07495436041903614,0.07864200196635159,0.07427870333635908,0.34751009771842706,0.2091010831177198,1.2052589978749242,0.8218635344385598,0.3738356432630733,148
0.06509353397154062,0.24069260067492138,0.14108656424499902,0.08564130456909372,0.3197161195334445,0.3530025220527077,0.8347549560181359,0.2440528938690455,0.2811898647374722,0.09984229726123481,0.36681508842290594,0.24818769285245673,0.9141785070442459,0.7529549787571335,0.7955540222101225,149
0.20501945035932598,0.04074177682306072,0.17907321278667776,0.41202458818810217,0.12634818177511192,0.16859062481314394,0.956307091397435,0.05782254130976862,0.271162476346241,0.3691096770865125,0.07987087866269099,0.2678518230050329,0.6431548842677601,0.7733261610894226,0.3070484125373938,150
0.1486323695758196,0.019217345104345467,0.14100285892875272,0.23838020882181568,0.11465715326782049,0.46755965308779057,0.1569586378537802,0.054828996670052074,0.13081549880766224,0.1402637463930889,0.4816022246831998,0.3512234965581346,1.2109175074712222,0.7783224159992875,0.22940017233338705,151
0.3894816706488821,0.10124198582268285,0.028743224500558134,0.14390243571036526,0.48041028483565706,0.23407232277823087,0.4747246187371993,0.35400883963574575,0.09216596990421629,0.20428397564824657,0.285452059059563,0.3977486634556416,0.9931023388401756,0.7020130178818995,0.32756984240724346,152
0.18951978774130343,0.10138472602734984,0.1711118385205657,0.3939545421874199,0.30951375844253814,0.22908796129892184,0.16674773577787133,0.14340038563201937,0.3354145007035576,0.21099984321325388,0.04748157882217195,0.2217682784801868,0.6578389939055774,0.7509237993281149,0.35077833192848573,153
0.08922690624905782,0.21983419605756516,0.18612836820536566,0.3678586465253932,0.11052334331439766,0.3431254501067739,0.05534542853319414,0.2703078407222163,0.167212407582006,0.10760608088164923,0.47856593144091825,0.3768245953499734,1.2137686772691674,0.6972635054905183,0.5627119561253556,154
0.03751355938624667,0.048511452967559994,0.23773025634196782,0.20155485291673045,0.2518538706401311,0.0711262674729697,0.5405361605193013,0.058367855767280485,0.2183332998259344,0.36457113921439077,0.4298349839439168,0.35916578495736134,1.0537205388767907,0.7699975008283586,0.49430192462437844,155
0.49617723693195825,0.14512889025455705,0.09658905632723723,0.05311972285606575,0.2571259087548917,0.3670580888610657,0.138966575345073,0.21038323667490988,0.05422136377871383,0.34058447359078786,0.39283964743132316,0.3835937951827425,1.035073485488183,0.6686830130624015,0.24553385954270368,156
0.22357446205394943,0.16655362750444525,0.15066707105193536,0.11355185409869012,0.44527147890132496,0.07637909777669286,0.8450911012107947,0.07857996715352347,0.11403991128222896,0.18290807573822782,0.47000586272147143,0.395563212138972,1.0725183106597673,0.7561480563052134,0.38296697601491736,157
0.12711129931298049,0.23339640803867207,0.23071749890551724,0.030729632015788162,0.07331577657727822,0.25767266399993616,0.649843193321288,0.27304497971395914,0.09386294335918667,0.11769497550846054,0.22776651658370423,0.2610861241694089,0.5392278544185473,0.7600063178382415,0.388505110860932,158
0.20488847126754003,0.19909410386584972,0.02828722735912286,0.3685705543540207,0.24185045427432217,0.4210193448342991,0.8294229627537865,0.3450682066012392,0.11689728495139198,0.11304959931276883,0.23304203510939037,0.3747879511674408,0.8369761918077023,0.848684381569987,0.4761427492063641,159
0.13251677424622502,0.05233436342141024,0.15537046530325935,0.18858672998373616,0.15979462378257064,0.3741220584445365,0.49932450868560935,0.08294913923022816,0.09359420471911847,0.49919178699947203,0.48811274680462574,0.29692487596578476,0.8288994629087416,0.8394336041567253,0.3917340676844887,160
0.0508107138445554,0.09032258357219691,0.18199912376212848,0.04814033519670751,0.17862720541044205,0.08116983999066975,0.16735310435707648,0.3778996308521152,0.22711686410006565,0.08123871151922268,0.4051695571512235,0.3810453978463552,0.5228716281943742,0.7108690831290309,0.787212089957253,161
0.453561360736981,0.1721986775837714,0.032547065726126735,0.05503644234879873,0.031288017955045044,0.2881411524479745,0.44148222591417907,0.1352498325509861,0.09261378194508432,0.3712963968741521,0.26001252880433917,0.29464402474849133,1.2269668947176453,0.6818977494848755,0.6826325591105817,162
0.17820080479196268,0.16051005171323104,0.11217504367583563,0.16204716872859126,0.4323731245388744,0.25485325811312504,0.6511634665544769,0.13913452741123128,0.23672008117265492,0.24128931852996327,0.34336739365583974,0.20346128003271627,1.1102267082586001,0.6946200839382187,0.7965328031766625,163
0.034582265314579065,0.07979964119895383,0.04530939686899659,0.41935202235956853,0.10595451332555865,0.4679026890004151,0.06880847954784239,0.09795011625909697,0.3064169753980297,0.25663914172613006,0.10121762026020488,0.35502107952960144,0.9744242836706458,0.7167003401541662,0.36318932100849544,164
0.14468930615694456,0.13212249215077196,0.1128581903239504,0.2658424023918498,0.10035454600248885,0.09336472895231006,0.34333031522377044,0.24557432562305465,0.09504658696851612,0.2984988076088014,0.4313166441459373,0.34075445190428677,0.531283613416153,0.711160638553069,0.3866179262304136,165
0.4692744443917999,0.21918754476496197,0.18839961238924272,0.18181064304978228,0.2906233332017688,0.061222515652539236,0.9794379972612711,0.1222953070572871,0.14146353209462997,0.07697408862273188,0.30563156943909375,0.29976105829107247,0.6564032396567603,0.7362975624436656,0.5895495036776084,166
0.20217678311336612,0.027150755278269358,0.05226182065214879,0.3860782498100174,0.497735999107561,0.4434881136485017,0.26094485182536925,0.22612917773307062,0.10458465083339075,0.2231752205142266,0.02085258717532911,0.35967011630459034,0.5801665600962094,0.7545686209094643,0.2822980257552344,167
0.35797010042541744,0.08596533184160496,0.14448653810977014,0.49630584195099803,0.18236998897966306,0.4073160321876239,0.25414351186736295,0.184966072132084,0.07506073685413375,0.38823211038249444,0.21357503820500395,0.2555097505183412,1.0898729554826838,0.7301452571202797,0.5715765317347601,168
0.3875758017809941,0.0829118668782233,0.16292449775350373,0.11683653597280494,0.4379257532512391,0.06943187916563416,0.5059558656840845,0.12701675290082898,0.19931219460505228,0.3553804895928314,0.03311884938607493,0.31155120360290856,0.6165932034653873,0.6819215233780526,0.21194504794057517,169
0.434181132785469,0.18363875632876586,0.22660756241734203,0.45000248568672824,0.25057607152536465,0.3155964964100111,0.2389693684954567,0.34940019014896184,0.05328347873933163,0.2527887659099707,0.39616355916190105,0.2525844895455033,1.2586765029514404,0.6909613001609135,0.28792259398707676,170
0.4527806008813333,0.24169623687669234,0.12975619983114303,0.3284156375755341,0.261771479341355,0.24082452325838888,0.7142120140161754,0.055295638709867694,0.28673457770461536,0.06602462314349329,0.08032786475907899,0.2882513437531606,0.9103115993852904,0.843326029957226,0.23317019303101236,171
0.24244315940364952,0.0658046927555793,0.20839029271578516,0.03217510518805997,0.0769912874033963,0.19590265957381164,0.9369808883219586,0.32909217399747903,0.16631155224507355,0.1832509037676669,0.08025066420774694,0.24972271519829764,0.8137113212908935,0.7603461291382988,0.4238274962088242,172
0.12254408335612686,0.09738030714819935,0.2405358533615498,0.21174256391607976,0.1558747933414432,0.39284987546687056,0.4097207639665437,0.273810245389121,0.06088397797243234,0.3515648992869514,0.20708194286585224,0.26062828029651386,0.8488939043953618,0.7736354709960312,0.641950794683146,173
0.035964723130121654,0.09168783218800688,0.058275678213203765,0.3900990942912247,0.050838420259993654,0.07754565360605917,0.6291630018936093,0.1459915232708665,0.2385684594511837,0.14059651846370208,0.38843456590029996,0.26174999064072973,0.6313782466192287,0.7688823767235688,0.7371553340514281,174
0.3185021524166008,0.172055510054689,0.12454035398305699,0.39628390558804527,0.47861510872460644,0.06506604306543168,0.23333089768367204,0.10129320279992808,0.10232457256914018,0.12008831335626573,0.39440695303274886,0.24200317091911072,0.940803015965579,0.832370368237332,0.5621696410991328,175
0.347054297519523,0.2250802510938558,0.2219681465716345,0.09680459548732365,0.2965343266026624,0.25180100310452697,0.6697543165336057,0.19354878601355985,0.40513549575343466,0.08882365563980874,0.23592232612183997,0.26291945178705506,0.5916345630712342,0.653407234248306,0.509705408221957,176
0.21905937474627615,0.05934638731616754,0.14149643915408813,0.3632771522319429,0.3806502616350517,0.18454688857942142,0.3327862123997155,0.28095339593574,0.11901127994228208,0.18938356053420152,0.17158003509247918,0.3994250190378108,0.9205727256892171,0.7756818183106067,0.6316230140081469,177
0.15630099406608516,0.124389782657758,0.23753621185806786,0.3721255494469987,0.4146663626630681,0.11852118674832769,0.09268837221253992,0.23271930659147327,0.29057696816840667,0.17395385680024789,0.140058201826926,0.37232197478574597,0.511170807458719,0.6613388980977322,0.22852902806163922,178
0.3892077756080613,0.04130237962764641,0.08436065630790197,0.1340456419325902,0.40264232887861556,0.34810343600030513,0.8941064897767975,0.38701590275852354,0.1614268800036608,0.08154489419105115,0.4515468903898112,0.36508601275485847,1.2151161930105796,0.7233285519389387,0.5024864222500443,179
0.20701054533863128,0.1701313618843061,0.143182986226636,0.49104918022192895,0.42135234874392785,0.06678500470704402,0.9027112014093427,0.1526249215513436,0.09409041671531505,0.2492873935314261,0.1386588666407898,0.27687712184834085,0.8376128310391021,0.7167532300016664,0.2621638856070286,180
0.3247616859089815,0.19423169046389768,0.2286979774873025,0.39775108442292473,0.14518225672549004,0.1813075577171731,0.41925146459011225,0.1698399008342728,0.45266673318085443,0.07625461094570302,0.4272385757383202,0.3849068415809091,1.1420637886612046,0.8047925382600972,0.27772871831182333,181
0.4743149456261483,0.13202198900410675,0.1892764419355583,0.42310702856199306,0.013559402830621858,0.3690971606835792,0.6771649412471255,0.24854705287596718,0.1442572821840725,0.06760257646892906,0.22321873693276484,0.3457760813663875,0.6175601303419258,0.6609802414622992,0.744185056723069,182
0.41326628543881905,0.04153848331639916,0.2233803666251165,0.2720919707280832,0.3788799057002259,0.12819940514649458,0.9532045646444138,0.29167338894794453,0.18731676515121842,0.09551181537668364,0.28078268637470555,0.23632793061155613,0.6089983016422315,0.6667952581256067,0.672140681581267,183
0.1262802766643671,0.17491189263209114,0.2309479030667257,0.3804061492578041,0.07453478195087973,0.050375733325902235,0.7169435067149311,0.06467997419960539,0.11796795413603339,0.39648949571592434,0.033026445986317765,0.28563987381704053,0.5242017765215685,0.7933176579547153,0.6640123988335948,184
0.28795587027573527,0.1745212653169287,0.11985645459794204,0.3717071391807377,0.15599209774485104,0.3392115575227802,0.8361658989676649,0.12371338822504638,0.18756654230349878,0.1249272334473841,0.1900176240031432,0.24772548116570053,0.5894619935509178,0.6884665101358403,0.6622331351787674,185
0.45617413521422356,0.012770174004504241,0.052769113839029824,0.14226284359346014,0.09428341510903794,0.07466198735294362,0.1394993715657014,0.1587037445044335,0.3259663870038593,0.11126688308457894,0.22448117728168962,0.38674648652570465,0.5648871438740104,0.8268184385156683,0.5083221255197105,186
0.05741032888004016,0.2142633547366457,0.14677420854952006,0.21788392228088108,0.03381476327136431,0.311920789121795,0.8322238981108622,0.0904711459077186,0.15479489286140963,0.06396949632087684,0.26589815185197996,0.3233677232715596,1.1145297497032565,0.814122237584272,0.508646555633703,187
0.2111897394292702,0.06916240937947284,0.21475448330713798,0.33318154527858773,0.2063892554048763,0.26239790287556386,0.6015461025755426,0.0713085147982316,0.17820635570501026,0.0711797390168677,0.06881556420942453,0.3312300925402577,0.6603184091346822,0.8148976888914636,0.5336860917092476,188
0.26026246886070165,0.19975221165896134,0.16333744381888993,0.022916601105672535,0.4662785596807996,0.1440197560556804,0.14673013648249805,0.07951150631692129,0.3432952678228137,0.056743830697763765,0.4244345786936373,0.32406496013687214,1.1185968846177972,0.7468882699953419,0.6486958913523757,189
0.41306332147944697,0.1013296408079752,0.10345455838899437,0.21675447401791587,0.31551574280733213,0.10243042195148985,0.8789035053687368,0.40822278168658166,0.15470354871643296,0.05129094001924214,0.4418804893886399,0.3038590300201724,1.1107100267039098,0.8392102998400922,0.4739717967523926,190
0.37164151208414165,0.24005183943905742,0.04389115614126097,0.03636362996348081,0.22022206015860485,0.3821643466792092,0.5811659849678668,0.18752224052200422,0.14273608217690975,0.19373892006987575,0.02016956039603699,0.2992168767749273,0.755988584319583,0.8205112668190525,0.4654574648880833,191
0.06420829811545745,0.05004996150878777,0.18456369771498413,0.48061942466067425,0.4752280212523294,0.25785215884671714,0.30772657067594456,0.19067584789000547,0.3507004364865636,0.10524929673198642,0.15102379880440023,0.3460331259337991,0.9488491661825267,0.7108041724426335,0.31406680320042035,192
0.15764296500100566,0.16578274869326604,0.23783157144244288,0.20819760921162692,0.4164380351311493,0.17737307646165512,0.3088880261377636,0.38910006208080244,0.10222870214917615,0.08444185775516337,0.33816646582451415,0.3367594408726043,0.5756960260897933,0.7585321463269554,0.5400497035020934,193
0.26269414632097177,0.19754535192638345,0.12632612446604435,0.36772774409218223,0.46395435088749687,0.4090475467353361,0.5452560350877812,0.08418999712423089,0.4774397121732509,0.06844019665778503,0.45142906467430566,0.212433076509862,0.955968947376646,0.793381325389049,0.42785121440009743,194
0.24398725581345285,0.05600411105784413,0.18755840384977665,0.3776955048050079,0.11987458994126865,0.23259604715683818,0.58296025216255,0.17113986148469407,0.3436992018182436,0.10384370966729994,0.3469575722915136,0.3794708232880391,0.8005830372368996,0.7295801309842365,0.7068548967209172,195
0.061491015029716635,0.09521494017692908,0.19924624899800517,0.2575539456802938,0.4377087161815966,0.350404681009671,0.905576908341149,0.05772269123145611,0.05700164445018517,0.21470043262652216,0.40914663177338156,0.3990728059477818,0.8873658173272219,0.6528484983675403,0.3857066138158918,196
0.08102993269025166,0.24122958950878598,0.1826672218470242,0.4761009130574251,0.2927342351710993,0.2605592338958163,0.33048173165737044,0.19548621994976734,0.31835962266912393,0.15976527783557806,0.18192753496364295,0.299586153541947,0.5420219631983476,0.6753909206049882,0.23766773600358682,197
0.32887134877080343,0.07242725280706992,0.06035025866760353,0.26025442797927933,0.12870142347901983,0.4091080901629191,0.29973465454309733,0.09824249905165869,0.08411109936295001,0.42408913261117925,0.4440822462151085,0.296209810844807,1.1865537134605293,0.6614017811289762,0.22521069595590335,198
0.08294332402994936,0.19588851608543909,0.08853844843973845,0.09109649653671563,0.06373734293068532,0.21425992379775283,0.44735048349489553,0.49270075198756236,0.06054205142053826,0.1309668578649556,0.35991053625976777,0.3193981485051421,0.70565281358987,0.7616168013906568,0.6374455457984496,199
0.34624673089694813,0.12874299703392714,0.053890492179180294,0.32448838356435444,0.19344562039438623,0.26063671864666915,0.32392685122415216,0.09423822750435044,0.10451852080209476,0.09203441442206856,0.033673311458090396,0.29872980809602734,1.1524100901347838,0.6533349809383838,0.33186786271728475,200
0.2848978323984228,0.20532448929274663,0.11242516657164295,0.07455004242595929,0.3118321126254406,0.15710571451818006,0.4833974568893563,0.16728091880109486,0.07361369760590351,0.0997022001273492,0.18937995111777922,0.37187014683704855,0.9642950621659245,0.7036109114972622,0.7198463626605045,201
0.044760974354617976,0.20730415001744262,0.2120403354560836,0.16486848699879672,0.2512250955213086,0.13786528284914995,0.6908498237628126,0.11532762142205366,0.318113699051173,0.0593114469973678,0.42867106188659043,0.3760560813133606,0.6407708640492338,0.6613114811101981,0.7823914089662756,202
0.43288129724756447,0.04683965371015284,0.148737720262975,0.18729419668197247,0.137201648549564,0.4167752715392112,0.20948186509127203,0.10509132826929038,0.1466863864245347,0.22444926760719752,0.14199884092345122,0.23976943519303204,0.6168422617242029,0.8351147429927276,0.6849997337065252,203
0.24967328993208251,0.22814020429353435,0.16405965885351093,0.3544727789221901,0.4728939434701207,0.11537743176794296,0.4574757990234141,0.1193557278231908,0.24441972606629914,0.10456348773395832,0.1013625909225835,0.2172937293709513,1.1336839736605162,0.7072702721565047,0.5278840984283402,204
0.43451816974238056,0.05673951645931913,0.02172130944729806,0.10953794287806388,0.010302052701995638,0.163121513385088,0.9663940182997167,0.16787242159963475,0.05475530575473732,0.13569046263604262,0.2057412048148342,0.2116371840967729,1.0217242620464557,0.783463140087492,0.5607859641113979,205
0.2684819953581018,0.012103989468737076,0.2434408201848531,0.14774285667605364,0.2305457329167148,0.11906509135856455,0.4488019743771175,0.08408787458205205,0.45843771020130164,0.08381731348536176,0.08124746952882085,0.34716631664812225,1.2304411249269989,0.7084182525172512,0.2965864787893454,206
0.45139779103416355,0.07664985161658769,0.10786483116111084,0.33740087300048,0.26634074372467886,0.44854189281775275,0.38493103164783526,0.06111611876158849,0.34881285905567705,0.2685097086173089,0.4428432879189949,0.38813686069189235,1.0039376572680534,0.682623248947588,0.560003289287477,207
0.06871056411700642,0.16295166543387474,0.06792368031358588,0.4821585659794205,0.373716903190822,0.14937558775636195,0.5686699181905949,0.06795483797421807,0.2557154193736378,0.30463213117089116,0.22373707665133924,0.3836221875540493,0.6362716970307,0.771362614656467,0.3325226104965062,208
0.0801668376676166,0.19586466542752237,0.19149561646655605,0.38878237566691676,0.0333383229341145,0.3102306940193095,0.38443353736533076,0.05849642034957048,0.2497795097836582,0.1467080201507834,0.4446006362326517,0.24446709860053525,0.6630840729467615,0.7474861897107673,0.6806382171454787,209
0.22854525594283903,0.055604602769582186,0.07437991961524555,0.3007371399800005,0.0840606182766872,0.4645165842302573,0.9243743938106782,0.1629091229170211,0.2450364189892455,0.12309422088006472,0.016224713193058314,0.30871954374655763,1.2900684047076885,0.746096539777835,0.322824888088374,210
0.42313225331963095,0.20734656437737675,0.23834715351880187,0.15379830979379713,0.449672558259261,0.25995610441604844,0.5616284972031091,0.10328300907610852,0.2373292248122642,0.1950452768235058,0.32676021117153425,0.23982288659953815,0.9929753009873599,0.7112262298258961,0.3845535426558863,211
0.2597168528815213,0.059719109161311096,0.11238704814476214,0.4289601154714485,0.48024039264466356,0.21968661870882517,0.5541810496784987,0.09303555408846725,0.4124320738242399,0.14119462394243254,0.4757126978166692,0.27402212931513836,1.2594959119709421,0.7814469056196938,0.3190739604167377,212
0.3593602531874786,0.011018595334980319,0.02112644597306724,0.3035472943555743,0.4097264881231595,0.3797572764516183,0.4007037097446207,0.20358451165899172,0.14631440036765148,0.1314795459105459,0.3760787066890107,0.38570559299482815,0.7452837629782162,0.683823017016188,0.559268982886624,213
0.2901052531139234,0.1876222608715463,0.24621566787967777,0.4283737739699444,0.16853524262006167,0.41319310498652995,0.07579019592187133,0.3238026666024241,0.06719954682782725,0.2294195912639076,0.4430955166829948,0.2313001644090134,0.896794045064494,0.7897765649401771,0.43494738088004364,214
0.3377551594546154,0.15269138771018229,0.059473426917697254,0.3589107205990702,0.3110335674213503,0.15846185690545161,0.31803372448959716,0.10850543235606216,0.4859186275856063,0.07590242275532624,0.36955654875791355,0.30641667921195076,1.064117551935393,0.6616900518724718,0.5779468546482458,215
0.15190392084038276,0.0297716725630129,0.042463819529507556,0.4108305078020453,0.12961713107518888,0.47676495117407836,0.11131172238656092,0.1365057174221485,0.10692231199679422,0.16037267474026554,0.2242416119024011,0.381609822631636,0.7284264593394328,0.751631082702324,0.5372094187446808,216
0.09353989248985072,0.23520616376494768,0.08521823139451476,0.3512434897856,0.3753490266263433,0.21166157025660537,0.20974270634733994,0.07338920934817643,0.18628082044414407,0.2673547798397864,0.43599710854196233,0.2815934871005799,0.866176566205786,0.65816784300033,0.3228029193194285,217
0.08395675355808378,0.16081580391259873,0.09563822342367255,0.10321783040019522,0.19771676980788486,0.3478953849216175,0.6997201326541831,0.21298166096263943,0.12259225136639344,0.2151705542823278,0.2254058172222966,0.345380410499974,0.527148697695874,0.6967389321753776,0.4610741811772979,218
0.353698729230528,0.23925083845888948,0.21557211714769842,0.2451420883411609,0.10303677195119312,0.12726773103313602,0.6904982629805687,0.2659201446900166,0.12950868492796017,0.18605030033430048,0.26611974344997247,0.3784337000307612,1.2951384313515986,0.6977849780567718,0.458651283823244,219
0.15319977526011685,0.057418144336386166,0.042792332073246335,0.02946458605851946,0.24322167945650708,0.1199519548293611,0.21069323686273606,0.07874307900310748,0.2999639565937386,0.25349960839576996,0.28063394639055983,0.3045723157983827,0.9122423629196084,0.7850763737795792,0.3013865701965117,220
0.058629084674836206,0.012407745431560733,0.21981137801005143,0.2653682038021322,0.17388860481746796,0.21359781873701078,0.10042226165373264,0.07373526261131293,0.11560241031264616,0.2949711884152963,0.4338220555811439,0.3839988860888975,1.0650565005901322,0.8471583019074305,0.3499615979032896,221
0.4504374392854393,0.22841645820403988,0.034797630720593636,0.2490833899987062,0.07103538603410708,0.45822636068327827,0.2551133042159856,0.4458975641824214,0.12392612198538847,0.05204655363504622,0.2897772767813304,0.3327936659960278,0.5414930812794333,0.6914349169227115,0.4041690842031632,222
0.15356652111434305,0.20037426559382607,0.13769443449117122,0.3959984950254373,0.45619860732192163,0.35062456671777814,0.9471785171841371,0.11337908968955396,0.09443846956102384,0.08672563131927491,0.20835135014631065,0.28468027582063815,0.9902558176095938,0.6940644881105786,0.5142856835936574,223
0.026156374741168276,0.1941814445673967,0.18325996147655357,0.022997148982670305,0.405145240530314,0.4505323259382921,0.8855307204451108,0.17874759014726616,0.10647207243541355,0.34863017460988766,0.300146938365191,0.37020773678230995,0.9736942085962175,0.7493328484200499,0.5277111255950763,224
0.08533958129901485,0.07928093214028961,0.1845273444006433,0.26567495491425014,0.17455502240466608,0.2889202903124592,0.9134372498580537,0.18766410162626856,0.0919583817267778,0.39958907786860515,0.42977430783257825,0.33282165638535277,1.0950036862352235,0.6635535900372217,0.20072488003258,225
0.04228544720450682,0.06402441223891972,0.04281119844078012,0.43701918427282116,0.014355953017822946,0.35812070295160275,0.3217926772760459,0.18019339370075932,0.07013112438786606,0.3142147229311805,0.42114973687369894,0.2892054702028869,0.7220490162064566,0.8384088945419925,0.46077228799178666,226
0.3877980149044492,0.10263121853102675,0.08041800701084113,0.3191075153619774,0.2961418673204123,0.16321385480343734,0.5376312240957719,0.14486799207211098,0.3372474188985764,0.08467567876966892,0.2034262748609255,0.26834769212762893,1.2971181246593706,0.6869476673556331,0.6387471317331614,227
0.06544697560565418,0.033484747238645994,0.13339040490777854,0.22599668734216075,0.24432752998084717,0.24839246036108137,0.87362894877427,0.13548265845534607,0.14671004463714923,0.41645138942988735,0.30386948869716296,0.36303988489346306,1.0759663674451627,0.768407713447899,0.6654284794737769,228
0.16172730962592033,0.06372140342937853,0.11811086179716081,0.49421421962693546,0.09039008301674205,0.1089418602362642,0.46123505918206276,0.07786253070037948,0.29211943829883985,0.10666450140677303,0.4959477627956031,0.3724279042647164,1.2889430942271152,0.6969922037201997,0.23408994880405054,229
0.3683627909368528,0.10151500672909362,0.0906799102671913,0.46017255562866805,0.27949070537926934,0.20674543374454296,0.5395689599700376,0.1056039098050576,0.41988811504418205,0.05523410660673431,0.12725532186974972,0.3255091189948518,0.9955857451643733,0.7879354240383019,0.3329592583840208,230
0.03407206695255606,0.22450860082800222,0.10459113148254714,0.3390997862144405,0.29970898426481624,0.3338269082322332,0.24380409082869398,0.357889353623057,0.10421549379224937,0.22082663182024725,0.4737998562591806,0.2658098317932014,1.099373975627741,0.8463823275811413,0.6541364034866026,231
0.10663609481877254,0.03256088342280934,0.06495932811619178,0.24074093358986356,0.3187764526628191,0.44394693257703854,0.845915265072222,0.3422956192698872,0.28049224315474625,0.060021249231998156,0.10171623665100683,0.2974431641320836,0.7762685305608752,0.6859450075953536,0.5137701034924285,232
0.061393359526624745,0.0733166329966671,0.21552207674252766,0.27221150189364945,0.07495817640140866,0.4911647898070395,0.15277055808957218,0.08138649769266736,0.4303975775549257,0.060380944505892625,0.12169360205797833,0.340623560704422,0.7283760692222545,0.7688754665502433,0.7841161571675039,233
0.2096438392097206,0.12416432792595646,0.08384103739554126,0.4219488765575892,0.23591771204969525,0.09490246352291717,0.45923005223830765,0.12332372945496675,0.17478455401223203,0.3314141792287359,0.05262188991686,0.3774767839032265,1.0630633222649641,0.8387870579091656,0.6500790200906752,234
0.028884235342188293,0.16179964902379057,0.17273602897414847,0.21062286582763579,0.48588641112020514,0.3878130620851476,0.8525886482078943,0.29053235642289604,0.16761372129077762,0.19283931306436164,0.37917441791340534,0.2390798182570839,0.6440404575392048,0.8250668570595073,0.6959473918693827,235
0.1392876980088315,0.23280398373944142,0.08367223599749223,0.40105664070170266,0.2616125850537321,0.26876185695245747,0.36143688061087464,0.3985972639903219,0.13792683293734465,0.0699081948213709,0.3016400965607314,0.3020955808821407,0.9241569584791027,0.7829492190392615,0.7482328415926274,236
0.2961695186336141,0.06461861007045569,0.18838097375406399,0.15822723193976487,0.4386675520682752,0.05316465572891773,0.8992948417777102,0.19903851062412115,0.2723776688182263,0.16744057820315783,0.16133196375635295,0.2877019297576777,1.0531015066400848,0.8026892318788146,0.29646051706879606,237
0.46962523601292383,0.09037737899410202,0.018142404498437514,0.367005972310467,0.3157071131774224,0.28069571946681443,0.1920187655440641,0.0689263487975291,0.293076538937718,0.1452238917120373,0.42785010803404305,0.34988278163497344,0.9753376097674319,0.7226127628474325,0.3494863235130755,238
0.25384297503465475,0.12159188799977431,0.12524748765046623,0.2486934821659895,0.31252955721867665,0.4945293119963493,0.3047482185191319,0.23674301472622822,0.17714879520622334,0.23829331504052276,0.07927250660858136,0.34110046188348686,0.6365415498368503,0.7866041786356996,0.5607520290156952,239
0.3689805199960206,0.10224465728330791,0.17280908194340702,0.1979154488797665,0.42483996783111716,0.42502266885928564,0.07846892964695981,0.17508597647074875,0.1395564287325777,0.19929024659019362,0.048118572031300814,0.3991101890512848,0.9695106083291934,0.6727620198100444,0.3621633818000439,240
0.4230660235034214,0.1290593984167581,0.16446501519864007,0.21823060238514524,0.21773238167552678,0.35464646976746006,0.6642363689663947,0.3512109613543114,0.18249557491715562,0.06858874601537057,0.09473100969213782,0.22313784526057184,0.9592273072407057,0.7282164964707227,0.3859255153785536,241
0.28373029018980006,0.06407907016120476,0.01203916309521318,0.19252731020350503,0.03877988532893207,0.4726434108834369,0.7423530196051008,0.09055965196142088,0.3867660443695677,0.08884758548923938,0.3618879943464579,0.3334504947147104,0.636726028651102,0.7312035947800273,0.45874671153854285,242
0.3879299893975525,0.010633903217572734,0.24706949807453613,0.19708525391683493,0.25506019411066816,0.2727580515863381,0.5660561990197389,0.2505083311336285,0.0732120804754411,0.22790612099565555,0.41328064513537743,0.3398523295393496,0.6948168632203184,0.7170897242233524,0.5614312550083281,243
0.14063013169994285,0.10660127060206011,0.17799985465824264,0.397426840714624,0.08772653910296105,0.40839186732068133,0.922231028176334,0.38050513253617374,0.09187120687272492,0.12264955081090413,0.0664551924400832,0.23390265644352773,0.9873316629190798,0.8052354874363291,0.29221993479762426,244
0.3986453050574102,0.056518899800116464,0.027570684919511756,0.20077358358012798,0.3436675736680273,0.05785813301878856,0.6116438573041983,0.07239105177797382,0.05499823863394332,0.24585587316857394,0.2038636548097492,0.26661812193676276,0.9416145790587254,0.8084470370877938,0.2944764561769237,245
0.4447568092650931,0.225328758647286,0.045746940985771985,0.21917066671970512,0.4112068439314124,0.4497505183227461,0.10426459843685221,0.13371798634279408,0.3645236931762222,0.09735681440741212,0.4560905933964267,0.22138254571473914,0.8774905706328793,0.8223381964808409,0.7359371612870809,246
0.28378321788072447,0.22926958094995678,0.192154414506215,0.0894844785619489,0.3417785735965309,0.37475741029981435,0.28187860775743867,0.1639161889797951,0.1968898539624187,0.05013086715273246,0.20782133394894206,0.36418869577981605,0.5467081526885554,0.6581009834204525,0.7431137092886049,247
0.1741833952605638,0.062153312561596306,0.12565506245530927,0.016588965106208733,0.3665582909157034,0.30908068527326943,0.37508586879361,0.06725756008908997,0.3042090584647404,0.053150088669551475,0.36256966233832344,0.3329071810112404,0.6596401826012239,0.7006276931231322,0.7770113879568195,248
0.2911525378408654,0.14480654732511553,0.16025872213805592,0.48743151315866284,0.06295933723159386,0.33314195942723146,0.08358001763104964,0.3132415692641968,0.06013288007528198,0.25289219492376824,0.1398237462460295,0.20663422630255399,0.687892589075254,0.8154112005316714,0.5040468409013448,249
